{"lr": 0.009998886215193948, "data_time": 0.014967918395996094, "loss": 0.1538382669289907, "decode.loss_ce": 0.10778115317225456, "decode.acc_seg": 30.8837890625, "aux.loss_ce": 0.04605711375673612, "aux.acc_seg": 21.539306640625, "time": 0.6932491461435953, "iter": 6, "memory": 5948, "step": 6}
{"lr": 0.009933371122565919, "data_time": 0.009581947326660156, "loss": 0.05548069477081299, "decode.loss_ce": 0.039110255800187586, "decode.acc_seg": 80.712890625, "aux.loss_ce": 0.016370437759906053, "aux.acc_seg": 81.3934326171875, "time": 0.33509464263916017, "iter": 300, "memory": 3774, "step": 300}
{"aAcc": 43.24, "mIoU": 16.44, "mAcc": 31.47, "data_time": 0.03343720869584517, "time": 1.03927696834911, "step": 300}
{"lr": 0.009866468952637547, "data_time": 0.011313772201538086, "loss": 0.05310133509337902, "decode.loss_ce": 0.03744274061173201, "decode.acc_seg": 79.91943359375, "aux.loss_ce": 0.015658594481647015, "aux.acc_seg": 83.60595703125, "time": 0.33889501094818114, "iter": 600, "memory": 5198, "step": 600}
{"aAcc": 85.01, "mIoU": 48.78, "mAcc": 56.11, "data_time": 0.011198202768961588, "time": 0.2382937471071879, "step": 600}
{"lr": 0.009799515822054777, "data_time": 0.010401320457458497, "loss": 0.04082598313689232, "decode.loss_ce": 0.028616785258054733, "decode.acc_seg": 89.6697998046875, "aux.loss_ce": 0.01220919769257307, "aux.acc_seg": 88.836669921875, "time": 0.3371546983718872, "iter": 900, "memory": 3774, "step": 900}
{"aAcc": 81.43, "mIoU": 39.09, "mAcc": 43.98, "data_time": 0.011085232098897299, "time": 0.23788501818974814, "step": 900}
{"lr": 0.009732511300541468, "data_time": 0.010773539543151855, "loss": 0.04483189918100834, "decode.loss_ce": 0.030771355144679546, "decode.acc_seg": 86.3189697265625, "aux.loss_ce": 0.014060543570667505, "aux.acc_seg": 86.199951171875, "time": 0.33895657062530515, "iter": 1200, "memory": 3774, "step": 1200}
{"aAcc": 82.37, "mIoU": 46.06, "mAcc": 51.79, "data_time": 0.009035289287567139, "time": 0.23578997453053793, "step": 1200}
{"lr": 0.009665454950832103, "data_time": 0.009446859359741211, "loss": 0.04926601350307465, "decode.loss_ce": 0.03473645020276308, "decode.acc_seg": 74.9053955078125, "aux.loss_ce": 0.014529563346877694, "aux.acc_seg": 71.014404296875, "time": 0.3350282907485962, "iter": 1500, "memory": 3774, "step": 1500}
{"aAcc": 86.48, "mIoU": 48.15, "mAcc": 53.93, "data_time": 0.008987764517466227, "time": 0.23593080043792725, "step": 1500}
{"lr": 0.009598346328502901, "data_time": 0.009595894813537597, "loss": 0.04017265271395445, "decode.loss_ce": 0.027975071407854556, "decode.acc_seg": 85.1531982421875, "aux.loss_ce": 0.012197581911459565, "aux.acc_seg": 79.949951171875, "time": 0.33536128997802733, "iter": 1800, "memory": 3774, "step": 1800}
{"aAcc": 87.07, "mIoU": 46.39, "mAcc": 51.49, "data_time": 0.011159400145212809, "time": 0.2387902537981669, "step": 1800}
{"lr": 0.0095311849817975, "data_time": 0.010574150085449218, "loss": 0.03837040085345507, "decode.loss_ce": 0.026661750487983228, "decode.acc_seg": 81.8756103515625, "aux.loss_ce": 0.01170864999294281, "aux.acc_seg": 81.6925048828125, "time": 0.3366462469100952, "iter": 2100, "memory": 3774, "step": 2100}
{"aAcc": 86.15, "mIoU": 50.19, "mAcc": 55.9, "data_time": 0.009331544240315756, "time": 0.23562878370285034, "step": 2100}
{"lr": 0.009463970451446941, "data_time": 0.010121750831604003, "loss": 0.03333835601806641, "decode.loss_ce": 0.02345452830195427, "decode.acc_seg": 90.5364990234375, "aux.loss_ce": 0.009883827529847622, "aux.acc_seg": 89.3829345703125, "time": 0.336360764503479, "iter": 2400, "memory": 3774, "step": 2400}
{"aAcc": 87.67, "mIoU": 52.37, "mAcc": 58.45, "data_time": 0.009179850419362387, "time": 0.23544599612553915, "step": 2400}
{"lr": 0.009396702270483696, "data_time": 0.010542154312133789, "loss": 0.03598947152495384, "decode.loss_ce": 0.02570121716707945, "decode.acc_seg": 85.68115234375, "aux.loss_ce": 0.010288254218176007, "aux.acc_seg": 84.55810546875, "time": 0.3387622594833374, "iter": 2700, "memory": 3774, "step": 2700}
{"aAcc": 89.62, "mIoU": 57.53, "mAcc": 63.66, "data_time": 0.00999605655670166, "time": 0.23712128400802612, "step": 2700}
{"lr": 0.009329379964049745, "data_time": 0.0087327241897583, "loss": 0.03289049975574017, "decode.loss_ce": 0.023582343570888044, "decode.acc_seg": 93.29833984375, "aux.loss_ce": 0.009308156045153736, "aux.acc_seg": 91.88232421875, "time": 0.33428828716278075, "iter": 3000, "memory": 3774, "step": 3000}
{"aAcc": 87.86, "mIoU": 56.18, "mAcc": 63.21, "data_time": 0.009040852387746176, "time": 0.2351055145263672, "step": 3000}
{"lr": 0.009262003049198152, "data_time": 0.011117696762084961, "loss": 0.0399675352498889, "decode.loss_ce": 0.028754285350441933, "decode.acc_seg": 74.5697021484375, "aux.loss_ce": 0.011213249713182449, "aux.acc_seg": 74.212646484375, "time": 0.3373236656188965, "iter": 3300, "memory": 3774, "step": 3300}
{"aAcc": 91.39, "mIoU": 62.84, "mAcc": 72.81, "data_time": 0.011151671409606934, "time": 0.2380066712697347, "step": 3300}
{"lr": 0.009194571034687833, "data_time": 0.009534239768981934, "loss": 0.03310311622917652, "decode.loss_ce": 0.023177757672965527, "decode.acc_seg": 89.7979736328125, "aux.loss_ce": 0.009925358509644867, "aux.acc_seg": 88.8153076171875, "time": 0.33498966693878174, "iter": 3600, "memory": 3774, "step": 3600}
{"aAcc": 85.81, "mIoU": 55.25, "mAcc": 63.46, "data_time": 0.008400877316792807, "time": 0.2347098390261332, "step": 3600}
{"lr": 0.009127083420771757, "data_time": 0.011873507499694824, "loss": 0.036601395905017854, "decode.loss_ce": 0.025695649720728398, "decode.acc_seg": 93.6126708984375, "aux.loss_ce": 0.010905746556818485, "aux.acc_seg": 94.5281982421875, "time": 0.3389160394668579, "iter": 3900, "memory": 3774, "step": 3900}
{"aAcc": 90.51, "mIoU": 61.49, "mAcc": 71.52, "data_time": 0.009809494018554688, "time": 0.23724003632863364, "step": 3900}
{"lr": 0.009059539698977577, "data_time": 0.009818553924560547, "loss": 0.024608611967414616, "decode.loss_ce": 0.017002851143479346, "decode.acc_seg": 91.461181640625, "aux.loss_ce": 0.007605760637670755, "aux.acc_seg": 89.46533203125, "time": 0.33543531894683837, "iter": 4200, "memory": 3774, "step": 4200}
{"aAcc": 90.93, "mIoU": 58.81, "mAcc": 65.54, "data_time": 0.00890648365020752, "time": 0.23610411087671915, "step": 4200}
{"lr": 0.008991939351880968, "data_time": 0.009587907791137695, "loss": 0.039506605826318264, "decode.loss_ce": 0.027919331565499306, "decode.acc_seg": 93.731689453125, "aux.loss_ce": 0.011587273702025414, "aux.acc_seg": 94.873046875, "time": 0.3353900671005249, "iter": 4500, "memory": 3774, "step": 4500}
{"aAcc": 88.34, "mIoU": 63.28, "mAcc": 73.97, "data_time": 0.008494933446248373, "time": 0.23530014355977377, "step": 4500}
{"lr": 0.00892428185287091, "data_time": 0.011246490478515624, "loss": 0.03460670169442892, "decode.loss_ce": 0.02427159734070301, "decode.acc_seg": 78.1585693359375, "aux.loss_ce": 0.010335104679688812, "aux.acc_seg": 79.8095703125, "time": 0.3384247779846191, "iter": 4800, "memory": 3774, "step": 4800}
{"aAcc": 91.28, "mIoU": 64.62, "mAcc": 75.42, "data_time": 0.009217401345570883, "time": 0.2360785404841105, "step": 4800}
{"lr": 0.008856566665906906, "data_time": 0.01045682430267334, "loss": 0.04016071259975433, "decode.loss_ce": 0.028832223266363144, "decode.acc_seg": 80.1361083984375, "aux.loss_ce": 0.011328489147126674, "aux.acc_seg": 81.0302734375, "time": 0.336639928817749, "iter": 5100, "memory": 3774, "step": 5100}
{"aAcc": 91.04, "mIoU": 66.51, "mAcc": 74.58, "data_time": 0.00858465830485026, "time": 0.23512725035349527, "step": 5100}
{"lr": 0.008788793245267563, "data_time": 0.010130000114440919, "loss": 0.03252352736890316, "decode.loss_ce": 0.022894042171537878, "decode.acc_seg": 70.269775390625, "aux.loss_ce": 0.009629484917968511, "aux.acc_seg": 68.7347412109375, "time": 0.3376807928085327, "iter": 5400, "memory": 3774, "step": 5400}
{"aAcc": 91.15, "mIoU": 66.73, "mAcc": 75.08,